time_s,soc_percent,voltage_V,ocv_V,current_A,resistance_mOhm,rc1_voltage_mV,rc2_voltage_mV
0.1,99.99997222222223,3.4715659398028205,3.471999611111111,-1.0,0.3750000694444444,0.048770575499285984,0.009900663346622374
0.2,99.99994444444444,3.4715094542209455,3.4719992222222222,-1.0,0.3750001388888889,0.09516258196404041,0.019605280423838446
0.30000000000000004,99.99991666666666,3.471455423368217,3.471998833333333,-1.0,0.37500020833333336,0.1392920235749422,0.02911773320787572
0.4,99.99988888888889,3.471403733092938,3.4719984444444445,-1.0,0.3750002777777778,0.18126924692201815,0.038441826806682206
0.5,99.99986111111112,3.4713542747004227,3.4719980555555554,-1.0,0.3750003472222222,0.22119921692859512,0.04758129098202033
0.6,99.99983333333333,3.47130694468904,3.4719976666666668,-1.0,0.37500041666666667,0.2591817793182821,0.05653978164142138
0.7,99.99980555555555,3.471261644499085,3.4719972777777777,-1.0,0.37500048611111114,0.29531191028128656,0.06532088230059725
0.7999999999999999,99.99977777777778,3.471218280273852,3.471996888888889,-1.0,0.37500055555555556,0.32967995396436073,0.07392810551689451
0.8999999999999999,99.99974999999999,3.4711767626323273,3.4719965,-1.0,0.375000625,0.3623718483782267,0.0823648942943642
0.9999999999999999,99.99972222222222,3.4711370064529183,3.4719961111111113,-1.0,0.37500069444444445,0.39346934028736663,0.09063462346100928
1.0999999999999999,99.99969444444444,3.471098930667695,3.471995722222222,-1.0,0.3750007638888889,0.42305018961951335,0.098740601018761
1.2,99.99966666666667,3.471062458066627,3.471995333333333,-1.0,0.37500083333333334,0.4511883639059736,0.10668606946672356
1.3,99.99963888888888,3.471027515111329,3.4719949444444445,-1.0,0.37500090277777776,0.477954223238984,0.11447420709821714
1.4000000000000001,99.99961111111111,3.4709940317578525,3.4719945555555554,-1.0,0.37500097222222223,0.5034146962085906,0.12210812927213754
1.5000000000000002,99.99958333333333,3.4709619412880817,3.4719941666666667,-1.0,0.3750010416666667,0.5276334472589853,0.12959088965914134
1.6000000000000003,99.99955555555556,3.4709311801493206,3.4719937777777776,-1.0,0.3750011111111111,0.5506710358827784,0.1369254814631548
1.7000000000000004,99.99952777777777,3.470901687801663,3.471993388888889,-1.0,0.37500118055555554,0.5725850680512733,0.14411483861869542
1.8000000000000005,99.9995,3.470873406572776,3.471993,-1.0,0.37500125,0.5934303402594009,0.15116183696448476
1.9000000000000006,99.99947222222222,3.4708462815197274,3.4719926111111112,-1.0,0.3750013194444445,0.6132589765454988,0.15806929539382236
2.0000000000000004,99.99944444444444,3.4708202602975224,3.471992222222222,-1.0,0.3750013888888889,0.6321205588285577,0.16483997698218064
2.1000000000000005,99.99941666666666,3.4707952930340182,3.471991833333333,-1.0,0.3750014583333333,0.6500622508888446,0.1714765900924719
2.2000000000000006,99.99938888888889,3.470771332210906,3.4719914444444444,-1.0,0.3750015277777778,0.6671289163019204,0.1779817894584296
2.3000000000000007,99.99936111111111,3.4707483325504653,3.4719910555555553,-1.0,0.37500159722222226,0.6833632306209468,0.1843581772465373
2.400000000000001,99.99933333333333,3.4707262509078154,3.4719906666666667,-1.0,0.3750016666666667,0.6988057880877979,0.19060830409692986
2.500000000000001,99.99930555555555,3.4707050461683826,3.4719902777777776,-1.0,0.3750017361111111,0.71349520313981,0.19673467014368357
2.600000000000001,99.99927777777778,3.4706846791503523,3.471989888888889,-1.0,0.37500180555555557,0.7274682069659875,0.20273972601490312
2.700000000000001,99.99924999999999,3.4706651125118326,3.4719895,-1.0,0.37500187500000004,0.7407597393541085,0.20862587381300549
2.800000000000001,99.99922222222222,3.4706463106625325,3.471989111111111,-1.0,0.37500194444444446,0.7534030360583936,0.21439546807559287
2.9000000000000012,99.99919444444444,3.4706282396797095,3.471988722222222,-1.0,0.3750020138888889,0.7654297119062025,0.22005081671729929
3.0000000000000013,99.99916666666667,3.4706108672281952,3.471988333333333,-1.0,0.37500208333333335,0.7768698398515702,0.22559418195298708
3.1000000000000014,99.99913888888888,3.4705941624842906,3.4719879444444444,-1.0,0.3750021527777778,0.787752026173257,0.23102778120266307
3.2000000000000015,99.9991111111111,3.4705780960633494,3.4719875555555553,-1.0,0.37500222222222224,0.7981034820053445,0.23635378797847606
3.3000000000000016,99.99908333333333,3.4705626399508662,3.4719871666666666,-1.0,0.37500229166666665,0.8079500913792459,0.24157433275415072
3.4000000000000017,99.99905555555554,3.470547767436902,3.4719867777777775,-1.0,0.3750023611111111,0.8173164759472653,0.24669150381720556
3.5000000000000018,99.99902777777777,3.4705334530536796,3.471986388888889,-1.0,0.3750024305555556,0.8262260565495548,0.2517073481042956
3.600000000000002,99.999,3.470519672516201,3.471986,-1.0,0.3750025,0.8347011117784134,0.2566238720200146
3.700000000000002,99.99897222222222,3.470506402665741,3.471985611111111,-1.0,0.37500256944444443,0.8427628336863724,0.2614430422394832
3.800000000000002,99.99894444444443,3.4704936214160607,3.471985222222222,-1.0,0.3750026388888889,0.8504313807773649,0.2661667864950458
3.900000000000002,99.99891666666666,3.4704813077022396,3.4719848333333334,-1.0,0.3750027083333334,0.8577259284134864,0.2707969943473887
4.000000000000002,99.99888888888889,3.470469441431962,3.4719844444444443,-1.0,0.3750027777777778,0.8646647167633873,0.27533551794138966
4.100000000000001,99.9988611111111,3.470458003439174,3.4719840555555552,-1.0,0.3750028472222222,0.8712650964121957,0.2797841727470009
4.200000000000001,99.99883333333332,3.4704469754399674,3.4719836666666666,-1.0,0.3750029166666667,0.877543571747018,0.2841447382854607
4.300000000000001,99.99880555555555,3.4704363399905986,3.4719832777777775,-1.0,0.37500298611111116,0.883515842226503,0.28841895884112617
4.4,99.99877777777778,3.470426080447537,3.471982888888889,-1.0,0.3750030555555556,0.8891968416376661,0.2926085441592099
4.5,99.99874999999999,3.470416180929432,3.4719824999999997,-1.0,0.375003125,0.8946007754381357,0.29671517012970106
4.6,99.99872222222221,3.4704066262809317,3.471982111111111,-1.0,0.37500319444444447,0.8997411562771963,0.30074047945774357
4.699999999999999,99.99869444444444,3.470397402038228,3.471981722222222,-1.0,0.37500326388888894,0.9046308377844504,0.3046860823207401
4.799999999999999,99.99866666666665,3.470388494396277,3.4719813333333334,-1.0,0.37500333333333336,0.9092820467105875,0.3085535570124447
4.899999999999999,99.99863888888888,3.4703798901775915,3.4719809444444443,-1.0,0.3750034027777778,0.9137064135006295,0.31234445057430094
4.999999999999998,99.9986111111111,3.470371576802543,3.4719805555555556,-1.0,0.37500347222222224,0.9179150013761013,0.3160602794142796
5.099999999999998,99.99858333333333,3.4703635422610875,3.4719801666666665,-1.0,0.3750035416666667,0.9219183339988469,0.31970252991346165
5.1999999999999975,99.99855555555554,3.4703557750858605,3.4719797777777774,-1.0,0.37500361111111113,0.9257264217856661,0.3232726590206107
5.299999999999997,99.99852777777777,3.470348264326559,3.471979388888889,-1.0,0.37500368055555555,0.9293487869395705,0.3267720948349721
5.399999999999997,99.99849999999999,3.470340999525562,3.4719789999999997,-1.0,0.37500375,0.9327944872602503,0.3302022371775312
5.4999999999999964,99.99847222222222,3.4703339706947225,3.471978611111111,-1.0,0.3750038194444445,0.9360721387932925,0.33356445815096103
5.599999999999996,99.99844444444443,3.4703271682932697,3.471978222222222,-1.0,0.3750038888888889,0.9391899373747822,0.33686010268848104
5.699999999999996,99.99841666666666,3.470320583206783,3.4719778333333333,-1.0,0.37500395833333333,0.9421556791251616,0.34009048909184886
5.799999999999995,99.99838888888888,3.4703142067271644,3.4719774444444442,-1.0,0.3750040277777778,0.944976779943593,0.34325690955869814
5.899999999999995,99.9983611111111,3.4703080305335825,3.4719770555555556,-1.0,0.3750040972222223,0.9476602940515677,0.34636063069943523
5.999999999999995,99.99833333333332,3.4703020466743237,3.4719766666666665,-1.0,0.3750041666666667,0.9502129316321362,0.3494028940438998
6.099999999999994,99.99830555555555,3.4702962475495194,3.4719762777777774,-1.0,0.3750042361111111,0.9526410756088591,0.35238491653799375
6.199999999999994,99.99827777777777,3.4702906258946964,3.4719758888888888,-1.0,0.3750043055555556,0.9549507976064422,0.35530789103047555
6.299999999999994,99.99824999999998,3.4702851747651167,3.4719754999999997,-1.0,0.37500437500000006,0.9571478731329599,0.35817298675011566
6.399999999999993,99.99822222222221,3.4702798875208716,3.471975111111111,-1.0,0.3750044444444445,0.9592377960216338,0.3609813497734038
6.499999999999993,99.99819444444444,3.470274757812682,3.471974722222222,-1.0,0.3750045138888889,0.9612257921682781,0.36373410348299456
6.5999999999999925,99.99816666666665,3.470269779568384,3.4719743333333333,-1.0,0.37500458333333336,0.9631168325987601,0.36643234901707566
6.699999999999992,99.99813888888887,3.4702649469800573,3.471973944444444,-1.0,0.37500465277777784,0.964915645899155,0.3690771657098379
6.799999999999992,99.9981111111111,3.4702602544917704,3.4719735555555555,-1.0,0.37500472222222225,0.9666267300396739,0.3716696115232229
6.8999999999999915,99.99808333333333,3.4702556967879077,3.4719731666666664,-1.0,0.37500479166666667,0.9682543636219321,0.37421072347012263
6.999999999999991,99.99805555555554,3.4702512687820595,3.4719727777777774,-1.0,0.37500486111111114,0.9698026165776814,0.3767015180291976
7.099999999999991,99.99802777777776,3.4702469656064356,3.4719723888888887,-1.0,0.3750049305555556,0.9712753603457606,0.3791429915514826
7.19999999999999,99.99799999999999,3.470242782601788,3.4719719999999996,-1.0,0.37500500000000003,0.9726762775527074,0.38153612065894
7.29999999999999,99.9979722222222,3.4702387153078105,3.471971611111111,-1.0,0.37500506944444445,0.9740088712212446,0.3838818626351215
7.39999999999999,99.99794444444443,3.4702347594539953,3.471971222222222,-1.0,0.3750051388888889,0.9752764735296605,0.3861811558080945
7.499999999999989,99.99791666666665,3.47023091095093,3.4719708333333332,-1.0,0.3750052083333334,0.9764822541439909,0.38843491992578594
7.599999999999989,99.99788888888888,3.4702271658819983,3.471970444444444,-1.0,0.3750052777777778,0.9776292281438344,0.39064405652389345
7.699999999999989,99.99786111111109,3.4702235204954848,3.4719700555555555,-1.0,0.37500534722222223,0.9787202635616228,0.3928094492865119
7.799999999999988,99.99783333333332,3.470219971197046,3.4719696666666664,-1.0,0.3750054166666667,0.9797580885541955,0.3949319643996185
7.899999999999988,99.99780555555554,3.4702165145425443,3.4719692777777778,-1.0,0.3750054861111112,0.9807452982246129,0.3970124508975591
7.999999999999988,99.99777777777777,3.470213147231219,3.4719688888888887,-1.0,0.3750055555555556,0.9816843611112654,0.39905174100267315
8.099999999999987,99.99774999999998,3.470209866099181,3.4719684999999996,-1.0,0.375005625,0.9825776253605061,0.4010506504581935
8.199999999999987,99.99772222222221,3.4702066681132138,3.471968111111111,-1.0,0.3750056944444445,0.9834273245982383,0.40300997885455486
8.299999999999986,99.99769444444443,3.4702035503648685,3.471967722222222,-1.0,0.37500576388888895,0.9842355835151451,0.40493050994924057
8.399999999999986,99.99766666666665,3.47020051006484,3.471967333333333,-1.0,0.37500583333333337,0.9850044231795219,0.40681301198029585
8.499999999999986,99.99763888888887,3.4701975445376014,3.471966944444444,-1.0,0.3750059027777778,0.9857357660910002,0.4086582379736335
8.599999999999985,99.9976111111111,3.470194651216301,3.4719665555555554,-1.0,0.37500597222222226,0.9864314409877987,0.4104669260442542
8.699999999999985,99.99758333333332,3.4701918276378887,3.4719661666666664,-1.0,0.37500604166666673,0.9870931874195197,0.4122397996915024
8.799999999999985,99.99755555555554,3.470189071438481,3.4719657777777777,-1.0,0.37500611111111115,0.987722660096931,0.4139775680884756
8.899999999999984,99.99752777777776,3.4701863803489377,3.4719653888888886,-1.0,0.37500618055555557,0.9883214330296041,0.4156809263657031
8.999999999999984,99.99749999999999,3.470183752190649,3.471965,-1.0,0.37500625000000004,0.9888910034617573,0.4173505558892076
9.099999999999984,99.9974722222222,3.470181184871517,3.471964611111111,-1.0,0.3750063194444445,0.9894327956161469,0.4189871245330605
9.199999999999983,99.99744444444443,3.470178676382131,3.471964222222222,-1.0,0.37500638888888893,0.9899481642553659,0.4205912869465405
9.299999999999983,99.99741666666665,3.470176224792114,3.471963833333333,-1.0,0.37500645833333335,0.990438398069456,0.4221636848160022
9.399999999999983,99.99738888888888,3.4701738282466463,3.471963444444444,-1.0,0.3750065277777778,0.9909047228983037,0.42370494712155893
9.499999999999982,99.99736111111109,3.4701714849631475,3.4719630555555554,-1.0,0.3750065972222223,0.9913483047968789,0.42521569038868334
9.599999999999982,99.99733333333332,3.4701691932281133,3.4719626666666663,-1.0,0.3750066666666667,0.9917702529509795,0.4266965189348258
9.699999999999982,99.99730555555554,3.4701669513941047,3.4719622777777777,-1.0,0.3750067361111111,0.9921716224507737,0.42814802511114936
9.799999999999981,99.99727777777775,3.470164757876864,3.4719618888888886,-1.0,0.3750068055555556,0.9925534169290752,0.42957078953947836
9.89999999999998,99.99724999999998,3.4701626111525843,3.4719615,-1.0,0.3750068750000001,0.9929165910709473,0.4309653813445544
9.99999999999998,99.9972222222222,3.4701605097552837,3.471961111111111,-1.0,0.3750069444444445,0.993262053000914,0.4323323583816945
10.09999999999998,99.99719444444443,3.4701584522743185,3.4719607222222217,-1.0,0.3750070138888889,0.9935906665537431,0.43367226745994003
10.19999999999998,99.99716666666664,3.470156437352004,3.471960333333333,-1.0,0.3750070833333334,0.9939032534344838,0.4349856445607879
10.29999999999998,99.99713888888887,3.4701544636813404,3.471959944444444,-1.0,0.37500715277777785,0.9942005952731574,0.43627301505259053
10.399999999999979,99.9971111111111,3.4701525300038534,3.4719595555555554,-1.0,0.37500722222222227,0.9944834355792389,0.4375348939007097
10.499999999999979,99.99708333333331,3.470150635107525,3.4719591666666663,-1.0,0.3750072916666667,0.9947524816008185,0.43877178587350996
10.599999999999978,99.99705555555553,3.470148777824829,3.4719587777777776,-1.0,0.37500736111111116,0.9950084060930896,0.43998418574427256
10.699999999999978,99.99702777777776,3.470146957030843,3.4719583888888885,-1.0,0.37500743055555563,0.9952518490005885,0.4411725784891113
10.799999999999978,99.99699999999999,3.4701451716414615,3.471958,-1.0,0.37500750000000005,0.9954834190573875,0.44233743948096965
10.899999999999977,99.9969722222222,3.4701434206116772,3.471957611111111,-1.0,0.37500756944444447,0.9957036953092478,0.44347923467977596
10.999999999999977,99.99694444444442,3.470141702933952,3.4719572222222217,-1.0,0.37500763888888894,0.9959132285615362,0.444598420818834
11.099999999999977,99.99691666666665,3.4701400176366555,3.471956833333333,-1.0,0.3750077083333334,0.9961125427565242,0.44569544558752194
11.199999999999976,99.99688888888886,3.4701383637825725,3.471956444444444,-1.0,0.37500777777777783,0.9963021362835174,0.4467707478103745
11.299999999999976,99.99686111111109,3.470136740467485,3.4719560555555553,-1.0,0.37500784722222225,0.9964824832250881,0.4478247576226184
11.399999999999975,99.99683333333331,3.470135146818815,3.471955666666666,-1.0,0.3750079166666667,0.996654034542529,0.44885789664223225
11.499999999999975,99.99680555555554,3.4701335819943244,3.4719552777777776,-1.0,0.3750079861111112,0.9968172192034905,0.4498705781385991
11.599999999999975,99.99677777777775,3.47013204518088,3.4719548888888885,-1.0,0.3750080555555556,0.9969724452546245,0.45086320719782025
11.699999999999974,99.99674999999998,3.470130535593273,3.4719545,-1.0,0.375008125,0.9971201008419118,0.4518361808847545
11.799999999999974,99.9967222222222,3.4701290524730832,3.4719541111111107,-1.0,0.3750081944444445,0.9972605551812318,0.45278988840184986
11.899999999999974,99.99669444444443,3.4701275950876074,3.471953722222222,-1.0,0.37500826388888897,0.9973941594815915,0.4537247112448294
11.999999999999973,99.99666666666664,3.470126162728821,3.471953333333333,-1.0,0.3750083333333334,0.9975212478233338,0.45464102335529477
12.099999999999973,99.99663888888887,3.4701247547124026,3.471952944444444,-1.0,0.3750084027777778,0.9976421379935099,0.4555391912703079
12.199999999999973,99.9966111111111,3.470123370376784,3.4719525555555553,-1.0,0.3750084722222223,0.9977571322805144,0.45641957426901036
12.299999999999972,99.9965833333333,3.4701220090822535,3.471952166666666,-1.0,0.37500854166666675,0.9978665182299624,0.4572825245163404
12.399999999999972,99.99655555555553,3.4701206702100986,3.4719517777777775,-1.0,0.37500861111111117,0.9979705693637045,0.45812838720390303
12.499999999999972,99.99652777777776,3.470119353161781,3.4719513888888884,-1.0,0.3750086805555556,0.9980695458637725,0.45895750068805163
12.599999999999971,99.99649999999998,3.470118057358152,3.471951,-1.0,0.37500875000000006,0.9981636952229712,0.45977019662523483
12.69999999999997,99.9964722222222,3.4701167822386982,3.4719506111111107,-1.0,0.37500881944444453,0.998253252863739,0.4605668001046636
12.79999999999997,99.99644444444442,3.470115527260828,3.471950222222222,-1.0,0.37500888888888895,0.9983384427268263,0.4613476297783512
12.89999999999997,99.99641666666665,3.47011429189918,3.471949833333333,-1.0,0.37500895833333336,0.9984194778312638,0.4621129979885783
12.99999999999997,99.99638888888886,3.4701130756449667,3.4719494444444443,-1.0,0.37500902777777784,0.9984965608070225,0.4628632108928341
13.09999999999997,99.99636111111109,3.470111878005345,3.471949055555555,-1.0,0.3750090972222223,0.9985698844016923,0.4635985685862833
13.199999999999969,99.99633333333331,3.470110698502815,3.471948666666666,-1.0,0.3750091666666667,0.9986396319624522,0.464319365221808
13.299999999999969,99.99630555555554,3.470109536674644,3.4719482777777775,-1.0,0.37500923611111114,0.9987059778945343,0.4650258891276734
13.399999999999968,99.99627777777775,3.470108392072313,3.4719478888888884,-1.0,0.3750093055555556,0.9987690880973268,0.4657184229228621
13.499999999999968,99.99624999999997,3.4701072642609905,3.4719474999999997,-1.0,0.3750093750000001,0.9988291203792091,0.4663972436301262
13.599999999999968,99.9962222222222,3.470106152819027,3.4719471111111107,-1.0,0.3750094444444445,0.9988862248521556,0.4670626227867996
13.699999999999967,99.99619444444441,3.4701050573374728,3.471946722222222,-1.0,0.3750095138888889,0.9989405443070927,0.46771482655341684
13.799999999999967,99.99616666666664,3.4701039774196083,3.471946333333333,-1.0,0.3750095833333334,0.9989922145709519,0.4683541158201807
13.899999999999967,99.99613888888886,3.4701029126805087,3.4719459444444443,-1.0,0.37500965277777787,0.9990413648463063,0.46898074631132197
13.999999999999966,99.99611111111109,3.470101862746611,3.471945555555555,-1.0,0.3750097222222223,0.9990881180344459,0.46959496868739214
14.099999999999966,99.9960833333333,3.4701008272553113,3.471945166666666,-1.0,0.3750097916666667,0.9991325910426934,0.4701970286455314
14.199999999999966,99.99605555555553,3.470099805854572,3.4719447777777774,-1.0,0.3750098611111112,0.9991748950767343,0.47078716701775064
14.299999999999965,99.99602777777775,3.470098798202547,3.4719443888888883,-1.0,0.37500993055555565,0.9992151359186894,0.4713656198672674
14.399999999999965,99.99599999999998,3.4700978039672252,3.4719439999999997,-1.0,0.37501000000000007,0.9992534141916236,0.4719326185829342
14.499999999999964,99.99597222222219,3.470096822826083,3.4719436111111106,-1.0,0.3750100694444445,0.9992898256111575,0.47248838997179743
14.599999999999964,99.99594444444442,3.4700958544657587,3.471943222222222,-1.0,0.37501013888888896,0.9993244612248064,0.47303315634982307
14.699999999999964,99.99591666666664,3.470094898581729,3.471942833333333,-1.0,0.37501020833333343,0.9993574076396446,0.4735671356308259
14.799999999999963,99.99588888888886,3.470093954878014,3.471942444444444,-1.0,0.37501027777777785,0.9993887472388705,0.47409054141363816
14.899999999999963,99.99586111111108,3.4700930230668776,3.471942055555555,-1.0,0.37501034722222226,0.9994185583878062,0.4746035830675518
14.999999999999963,99.99583333333331,3.4700921028685534,3.471941666666666,-1.0,0.37501041666666673,0.9994469156298521,0.4751064658160691
15.099999999999962,99.99580555555553,3.4700911940109744,3.4719412777777774,-1.0,0.3750104861111112,0.999473889872884,0.47559939081899455
15.199999999999962,99.99577777777775,3.4700902962295133,3.4719408888888883,-1.0,0.3750105555555556,0.9994995485665594,0.4760825552529019
15.299999999999962,99.99574999999997,3.470089409266739,3.4719404999999997,-1.0,0.37501062500000004,0.9995239558709779,0.4765561523900068
15.399999999999961,99.9957222222222,3.4700885328721736,3.4719401111111106,-1.0,0.3750106944444445,0.9995471728171135,0.47702037167547895
15.499999999999961,99.99569444444441,3.4700876668020704,3.471939722222222,-1.0,0.375010763888889,0.9995692574594245,0.47747539880322215
15.59999999999996,99.99566666666664,3.4700868108191885,3.471939333333333,-1.0,0.3750108333333334,0.9995902650210204,0.4779214157901546
15.69999999999996,99.99563888888886,3.4700859646925855,3.471938944444444,-1.0,0.3750109027777778,0.9996102480317475,0.47835860104901806
15.79999999999996,99.99561111111109,3.4700851281974137,3.471938555555555,-1.0,0.3750109722222223,0.9996292564595413,0.47878712945974533
15.89999999999996,99.9955833333333,3.4700843011147247,3.4719381666666664,-1.0,0.37501104166666677,0.9996473378353721,0.4792071724394144
15.99999999999996,99.99555555555553,3.4700834832312832,3.4719377777777773,-1.0,0.3750111111111112,0.9996645373720977,0.4796188980108179
16.09999999999996,99.99552777777775,3.4700826743393853,3.4719373888888883,-1.0,0.3750111805555556,0.999680898077519,0.4800224708696741
16.19999999999996,99.99549999999996,3.470081874236687,3.4719369999999996,-1.0,0.3750112500000001,0.9996964608619213,0.48041805245050745
16.29999999999996,99.99547222222219,3.4700810827260344,3.4719366111111105,-1.0,0.37501131944444455,0.9997112646403721,0.48080580099122494
16.399999999999963,99.99544444444442,3.470080299615306,3.471936222222222,-1.0,0.37501138888888896,0.9997253464300281,0.4811858715964129
16.499999999999964,99.99541666666664,3.470079524717257,3.4719358333333328,-1.0,0.3750114583333334,0.9997387414426985,0.481558416299381
16.599999999999966,99.99538888888885,3.4700787578493704,3.471935444444444,-1.0,0.37501152777777785,0.9997514831728922,0.48192358412297787
16.699999999999967,99.99536111111108,3.470077998833712,3.471935055555555,-1.0,0.3750115972222223,0.9997636034815715,0.4822815211392017
16.79999999999997,99.9953333333333,3.470077247496796,3.4719346666666664,-1.0,0.37501166666666674,0.9997751326758213,0.48263237052763175
16.89999999999997,99.99530555555552,3.4700765036694485,3.4719342777777773,-1.0,0.37501173611111116,0.9997860995846325,0.4829762726327013
16.99999999999997,99.99527777777774,3.470075767186682,3.4719338888888887,-1.0,0.37501180555555563,0.9997965316309895,0.48331336501983796
17.099999999999973,99.99524999999997,3.4700750378875687,3.4719334999999996,-1.0,0.3750118750000001,0.9998064549004422,0.4836437825304911
17.199999999999974,99.9952222222222,3.4700743156151237,3.4719331111111105,-1.0,0.3750119444444445,0.9998158942063328,0.4839676573360706
17.299999999999976,99.99519444444441,3.4700736002161903,3.471932722222222,-1.0,0.37501201388888894,0.9998248731518428,0.48428511899081716
17.399999999999977,99.99516666666663,3.4700728915413266,3.4719323333333327,-1.0,0.3750120833333334,0.9998334141890128,0.48459629448362546
17.49999999999998,99.99513888888886,3.4700721894447026,3.471931944444444,-1.0,0.3750121527777779,0.9998415386748847,0.48490130828884176
17.59999999999998,99.99511111111107,3.4700714937839914,3.471931555555555,-1.0,0.3750122222222223,0.9998492669249051,0.48520028241605506
17.69999999999998,99.9950833333333,3.470070804420277,3.4719311666666663,-1.0,0.3750122916666667,0.9998566182637242,0.48549333645890247
17.799999999999983,99.99505555555552,3.4700701212179497,3.4719307777777773,-1.0,0.3750123611111112,0.9998636110735183,0.48578058764290877
17.899999999999984,99.99502777777775,3.470069444044621,3.4719303888888886,-1.0,0.37501243055555566,0.9998702628399546,0.48606215087237753
17.999999999999986,99.99499999999996,3.470068772771027,3.4719299999999995,-1.0,0.3750125000000001,0.9998765901959137,0.48633813877635473
18.099999999999987,99.99497222222219,3.470068107270949,3.4719296111111104,-1.0,0.3750125694444445,0.999882608963081,0.48660866175368195
18.19999999999999,99.99494444444441,3.4700674474211244,3.471929222222222,-1.0,0.37501263888888897,0.9998883341915099,0.48687382801715706
18.29999999999999,99.99491666666664,3.4700667931011653,3.4719288333333327,-1.0,0.37501270833333344,0.9998937801972535,0.48713374363682105
18.39999999999999,99.99488888888885,3.4700661441934857,3.471928444444444,-1.0,0.37501277777777786,0.999898960598163,0.48738851258238747
18.499999999999993,99.99486111111108,3.4700655005832197,3.471928055555555,-1.0,0.3750128472222223,0.9999038883479388,0.48763823676483137
18.599999999999994,99.9948333333333,3.4700648621581536,3.4719276666666663,-1.0,0.37501291666666675,0.9999085757685219,0.4878830160771555
18.699999999999996,99.99480555555552,3.4700642288086505,3.471927277777777,-1.0,0.3750129861111112,0.9999130345809057,0.48812294843434856
18.799999999999997,99.99477777777774,3.4700636004275855,3.4719268888888886,-1.0,0.37501305555555564,0.9999172759344436,0.48835812981255244
18.9,99.99474999999997,3.470062976910277,3.4719264999999995,-1.0,0.37501312500000006,0.9999213104347284,0.4885886542874545
19.0,99.9947222222222,3.4700623581544234,3.4719261111111104,-1.0,0.37501319444444453,0.9999251481701125,0.4888146140719182
19.1,99.9946944444444,3.470061744060043,3.4719257222222217,-1.0,0.375013263888889,0.9999287987369333,0.48903609955287014
19.200000000000003,99.99466666666663,3.470061134529409,3.4719253333333326,-1.0,0.3750133333333334,0.9999322712635093,0.4892531993274559
19.300000000000004,99.99463888888886,3.4700605294669953,3.471924944444444,-1.0,0.37501340277777784,0.9999355744329658,0.4894660002384802
19.400000000000006,99.99461111111107,3.4700599287794187,3.471924555555555,-1.0,0.3750134722222223,0.999938716504947,0.4896745874091446
19.500000000000007,99.9945833333333,3.4700593323753868,3.4719241666666663,-1.0,0.3750135416666668,0.9999417053362692,0.4898790442770986
19.60000000000001,99.99455555555552,3.470058740165638,3.471923777777777,-1.0,0.3750136111111112,0.999944548400568,0.4900794526278157
19.70000000000001,99.99452777777775,3.4700581520628986,3.4719233888888885,-1.0,0.3750136805555556,0.9999472528069847,0.4902758926273081
19.80000000000001,99.99449999999996,3.470057567981827,3.4719229999999994,-1.0,0.3750137500000001,0.9999498253179442,0.49046844285419494
19.900000000000013,99.99447222222219,3.4700569878389693,3.471922611111111,-1.0,0.37501381944444456,0.9999522723660634,0.49065718033113426
20.000000000000014,99.99444444444441,3.470056411552707,3.4719222222222217,-1.0,0.375013888888889,0.9999546000702378,0.4908421805556335
20.100000000000016,99.99441666666662,3.470055839043218,3.4719218333333326,-1.0,0.3750139583333334,0.9999568142509399,0.49102351753024914
20.200000000000017,99.99438888888885,3.4700552702324297,3.471921444444444,-1.0,0.37501402777777787,0.9999589204447749,0.49120126379218887
20.30000000000002,99.99436111111108,3.470054705043972,3.471921055555555,-1.0,0.37501409722222234,0.9999609239183245,0.4913754904423274
20.40000000000002,99.9943333333333,3.4700541434031447,3.471920666666666,-1.0,0.37501416666666676,0.9999628296813159,0.4915462671736479
20.50000000000002,99.99430555555551,3.470053585236868,3.471920277777777,-1.0,0.3750142361111112,0.9999646424991497,0.4917136622991199
20.600000000000023,99.99427777777774,3.470053030473649,3.4719198888888885,-1.0,0.37501430555555565,0.9999663669048144,0.49187774277902563
20.700000000000024,99.99424999999997,3.4700524790435416,3.4719194999999994,-1.0,0.3750143750000001,0.9999680072102224,0.4920385742477447
20.800000000000026,99.99422222222219,3.4700519308781095,3.4719191111111107,-1.0,0.37501444444444454,0.9999695675169916,0.4921962210400091
20.900000000000027,99.9941944444444,3.4700513859103896,3.4719187222222216,-1.0,0.37501451388888896,0.9999710517267018,0.49235074621663777
21.00000000000003,99.99416666666663,3.4700508440748594,3.471918333333333,-1.0,0.37501458333333343,0.9999724635506502,0.4925022115897617
21.10000000000003,99.99413888888886,3.4700503053073994,3.471917944444444,-1.0,0.3750146527777779,0.9999738065191323,0.49265067774754967
21.20000000000003,99.99411111111107,3.470049769545264,3.471917555555555,-1.0,0.3750147222222223,0.9999750839902685,0.4927962040784443
21.300000000000033,99.9940833333333,3.470049236727046,3.471917166666666,-1.0,0.37501479166666674,0.9999762991584021,0.4929388487949185
21.400000000000034,99.99405555555552,3.4700487067926473,3.471916777777777,-1.0,0.3750148611111112,0.9999774550620866,0.4930786689567607
21.500000000000036,99.99402777777775,3.470048179683247,3.4719163888888884,-1.0,0.3750149305555557,0.9999785545916833,0.4932157204939
21.600000000000037,99.99399999999996,3.4700476553412742,3.4719159999999993,-1.0,0.3750150000000001,0.9999796004965886,0.4933500582287785
21.70000000000004,99.99397222222218,3.4700471337103758,3.4719156111111107,-1.0,0.3750150694444445,0.9999805953921099,0.4934817358982815
21.80000000000004,99.99394444444441,3.470046614735392,3.4719152222222216,-1.0,0.375015138888889,0.9999815417660041,0.4936108061752325
21.90000000000004,99.99391666666662,3.4700460983623254,3.471914833333333,-1.0,0.37501520833333346,0.9999824419846988,0.49373732068946313
22.000000000000043,99.99388888888885,3.4700455845383185,3.471914444444444,-1.0,0.3750152777777779,0.9999832982992096,0.49386133004846605
22.100000000000044,99.99386111111107,3.470045073211624,3.4719140555555548,-1.0,0.3750153472222223,0.9999841128507688,0.49398288385763833
22.200000000000045,99.9938333333333,3.4700445643315834,3.471913666666666,-1.0,0.37501541666666677,0.99998488767618,0.4941020307401245
22.300000000000047,99.99380555555551,3.470044057848597,3.471913277777777,-1.0,0.37501548611111124,0.9999856247129097,0.4942188183562659
22.40000000000005,99.99377777777774,3.470043553714106,3.4719128888888884,-1.0,0.37501555555555566,0.9999863258039342,0.4943332934226665
22.50000000000005,99.99374999999996,3.470043051880566,3.4719124999999993,-1.0,0.3750156250000001,0.9999869927023457,0.494445501730879
22.60000000000005,99.99372222222217,3.4700425523014244,3.4719121111111106,-1.0,0.37501569444444455,0.9999876270757381,0.4945554881657229
22.700000000000053,99.9936944444444,3.4700420549310995,3.4719117222222216,-1.0,0.375015763888889,0.9999882305103749,0.49466329672323867
22.800000000000054,99.99366666666663,3.470041559724956,3.471911333333333,-1.0,0.37501583333333344,0.9999888045151575,0.49476897052828667
22.900000000000055,99.99363888888885,3.470041066639289,3.471910944444444,-1.0,0.37501590277777785,0.9999893505253962,0.494872551851798
23.000000000000057,99.99361111111106,3.4700405756312986,3.4719105555555547,-1.0,0.3750159722222223,0.9999898699064014,0.49497408212768323
23.10000000000006,99.99358333333329,3.470040086659073,3.471910166666666,-1.0,0.3750160416666668,0.999990363956896,0.4950736019694065
23.20000000000006,99.99355555555552,3.4700395996815674,3.471909777777777,-1.0,0.3750161111111112,0.9999908339122635,0.4951711511862312
23.30000000000006,99.99352777777773,3.470039114658586,3.4719093888888883,-1.0,0.37501618055555563,0.9999912809476376,0.49526676879914483
23.400000000000063,99.99349999999995,3.4700386315507616,3.4719089999999992,-1.0,0.3750162500000001,0.9999917061808391,0.4953604930564676
23.500000000000064,99.99347222222218,3.470038150319542,3.4719086111111106,-1.0,0.3750163194444446,0.9999921106751725,0.49545236144915217
23.600000000000065,99.9934444444444,3.470037670927165,3.4719082222222215,-1.0,0.375016388888889,0.9999924954420846,0.49554241072578026
23.700000000000067,99.99341666666662,3.470037193336649,3.471907833333333,-1.0,0.3750164583333334,0.9999928614436929,0.49563067690726337
23.800000000000068,99.99338888888884,3.4700367175117695,3.4719074444444438,-1.0,0.3750165277777779,0.9999932095951921,0.49571719530125097
23.90000000000007,99.99336111111107,3.4700362434170495,3.471907055555555,-1.0,0.37501659722222236,0.9999935407671424,0.4958020005162543
24.00000000000007,99.99333333333328,3.470035771017736,3.471906666666666,-1.0,0.3750166666666668,0.9999938557876463,0.49588512647549
24.100000000000072,99.99330555555551,3.470035300279791,3.471906277777777,-1.0,0.3750167361111112,0.9999941554444187,0.49596660643045015
24.200000000000074,99.99327777777773,3.4700348311698717,3.4719058888888883,-1.0,0.37501680555555567,0.9999944404867579,0.4960464729742032
24.300000000000075,99.99324999999996,3.470034363655317,3.471905499999999,-1.0,0.37501687500000014,0.9999947116274182,0.4961247580544315
24.400000000000077,99.99322222222217,3.4700338977041354,3.4719051111111106,-1.0,0.37501694444444456,0.9999949695443924,0.49620149298621113
24.500000000000078,99.9931944444444,3.470033433284985,3.4719047222222215,-1.0,0.375017013888889,0.9999952148826075,0.4962767084645377
24.60000000000008,99.99316666666662,3.4700329703671673,3.471904333333333,-1.0,0.37501708333333345,0.9999954482555364,0.4963504345766056
24.70000000000008,99.99313888888885,3.470032508920605,3.4719039444444437,-1.0,0.3750171527777779,0.9999956702467336,0.49642270081384254
24.800000000000082,99.99311111111106,3.470032048915838,3.471903555555555,-1.0,0.37501722222222234,0.9999958814112921,0.4964935360837071
24.900000000000084,99.99308333333329,3.4700315903240004,3.471903166666666,-1.0,0.37501729166666675,0.9999960822772336,0.4965629687212517
25.000000000000085,99.99305555555551,3.470031133116819,3.4719027777777773,-1.0,0.3750173611111112,0.9999962733468275,0.4966310265004571
25.100000000000087,99.99302777777773,3.4700306772665894,3.4719023888888882,-1.0,0.3750174305555557,0.9999964550978474,0.49669773664534245
25.200000000000088,99.99299999999995,3.4700302227461735,3.471901999999999,-1.0,0.3750175000000001,0.9999966279847655,0.4967631258408551
25.30000000000009,99.99297222222218,3.470029769528982,3.4719016111111105,-1.0,0.37501756944444453,0.999996792439889,0.4968272202435452
25.40000000000009,99.9929444444444,3.470029317588966,3.4719012222222214,-1.0,0.375017638888889,0.9999969488744417,0.4968900454920285
25.500000000000092,99.99291666666662,3.4700288669006025,3.4719008333333328,-1.0,0.3750177083333335,0.9999970976795911,0.4969516267172419
25.600000000000094,99.99288888888884,3.470028417438886,3.4719004444444437,-1.0,0.3750177777777779,0.9999972392274277,0.4970119885524968
25.700000000000095,99.99286111111107,3.4700279691793177,3.471900055555555,-1.0,0.3750178472222223,0.9999973738718947,0.49707115514333194
25.800000000000097,99.99283333333328,3.4700275220978924,3.471899666666666,-1.0,0.3750179166666668,0.9999975019496737,0.49712915015717263
25.900000000000098,99.9928055555555,3.470027076171092,3.4718992777777773,-1.0,0.37501798611111126,0.9999976237810259,0.49718599679279774
26.0000000000001,99.99277777777773,3.4700266313758723,3.471898888888888,-1.0,0.3750180555555557,0.9999977396705929,0.49724171778961934
26.1000000000001,99.99274999999996,3.470026187689654,3.471898499999999,-1.0,0.3750181250000001,0.9999978499081589,0.4972963354367792
26.200000000000102,99.99272222222217,3.4700257450903145,3.4718981111111105,-1.0,0.37501819444444456,0.9999979547693754,0.49734987158206445
26.300000000000104,99.9926944444444,3.470025303556175,3.4718977222222214,-1.0,0.37501826388888904,0.9999980545164502,0.49740234764064706
26.400000000000105,99.99266666666662,3.470024863065997,3.4718973333333327,-1.0,0.37501833333333345,0.9999981493988026,0.4974537846036501
26.500000000000107,99.99263888888883,3.4700244235989652,3.4718969444444436,-1.0,0.37501840277777787,0.999998239653688,0.4975042030465446
26.600000000000108,99.99261111111106,3.4700239851346883,3.471896555555555,-1.0,0.37501847222222234,0.9999983255067906,0.49755362313738
26.70000000000011,99.99258333333329,3.4700235476531813,3.471896166666666,-1.0,0.3750185416666668,0.9999984071727881,0.4976020646448515
26.80000000000011,99.99255555555551,3.470023111134864,3.4718957777777772,-1.0,0.37501861111111123,0.9999984848558878,0.4976495469462081
26.900000000000112,99.99252777777772,3.470022675560547,3.471895388888888,-1.0,0.37501868055555565,0.9999985587503383,0.4976960890350034
27.000000000000114,99.99249999999995,3.4700222409114296,3.471894999999999,-1.0,0.3750187500000001,0.9999986290409137,0.4977417095286934
27.100000000000115,99.99247222222218,3.4700218071690867,3.4718946111111104,-1.0,0.3750188194444446,0.9999986959033772,0.49778642667608397
27.200000000000117,99.9924444444444,3.470021374315463,3.4718942222222213,-1.0,0.375018888888889,0.9999987595049201,0.49783025836463024
27.300000000000118,99.99241666666661,3.470020942332867,3.4718938333333327,-1.0,0.37501895833333343,0.9999988200045792,0.49787322212759216
27.40000000000012,99.99238888888884,3.4700205112039613,3.4718934444444436,-1.0,0.3750190277777779,0.999998877553635,0.4979153351510477
27.50000000000012,99.99236111111107,3.470020080911756,3.471893055555555,-1.0,0.3750190972222224,0.9999989322959901,0.49795661428076765
27.600000000000122,99.99233333333328,3.470019651439602,3.471892666666666,-1.0,0.3750191666666668,0.9999989843685292,0.49799707602895454
27.700000000000124,99.9923055555555,3.470019222771184,3.471892277777777,-1.0,0.3750192361111112,0.9999990339014605,0.49803673658084696
27.800000000000125,99.99227777777773,3.470018794890513,3.471891888888888,-1.0,0.3750193055555557,0.9999990810186424,0.49807561180119453
27.900000000000126,99.99224999999996,3.4700183677819214,3.4718914999999995,-1.0,0.37501937500000015,0.9999991258378921,0.4981137172406037
28.000000000000128,99.99222222222217,3.470017941430053,3.4718911111111104,-1.0,0.37501944444444457,0.9999991684712813,0.49815106814175836
28.10000000000013,99.9921944444444,3.4700175158198614,3.4718907222222213,-1.0,0.375019513888889,0.9999992090254156,0.49818767944551695
28.20000000000013,99.99216666666662,3.470017090936601,3.4718903333333326,-1.0,0.37501958333333346,0.9999992476017014,0.49822356579688915
28.300000000000132,99.99213888888883,3.4700166667658188,3.4718899444444435,-1.0,0.37501965277777793,0.9999992842965993,0.49825874155089406
28.400000000000134,99.99211111111106,3.470016243293353,3.471889555555555,-1.0,0.37501972222222235,0.999999319201866,0.49829322077830224
28.500000000000135,99.99208333333328,3.4700158205053233,3.471889166666666,-1.0,0.37501979166666677,0.9999993524047828,0.49832701727126427
28.600000000000136,99.99205555555551,3.4700153983881292,3.471888777777777,-1.0,0.37501986111111124,0.9999993839883742,0.4983601445488282
28.700000000000138,99.99202777777772,3.4700149769284385,3.471888388888888,-1.0,0.3750199305555557,0.9999994140316157,0.4983926158623465
28.80000000000014,99.99199999999995,3.470014556113189,3.4718879999999994,-1.0,0.37502000000000013,0.9999994426096309,0.49842444420077775
28.90000000000014,99.99197222222217,3.4700141359295764,3.4718876111111103,-1.0,0.37502006944444455,0.9999994697938801,0.4984556422958816
29.000000000000142,99.99194444444439,3.4700137163650533,3.4718872222222217,-1.0,0.375020138888889,0.9999994956523378,0.4984862226273121
29.100000000000144,99.99191666666661,3.4700132974073217,3.4718868333333326,-1.0,0.3750202083333335,0.9999995202496635,0.4985161974276096
29.200000000000145,99.99188888888884,3.4700128790443316,3.4718864444444435,-1.0,0.3750202777777779,0.9999995436473635,0.49854557868709376
29.300000000000146,99.99186111111106,3.47001246126427,3.471886055555555,-1.0,0.37502034722222233,0.9999995659039442,0.4985743781586603
29.400000000000148,99.99183333333328,3.4700120440555615,3.4718856666666658,-1.0,0.3750204166666668,0.9999995870750589,0.4986026073624817
29.50000000000015,99.9918055555555,3.470011627406862,3.471885277777777,-1.0,0.3750204861111113,0.9999996072136458,0.49863027759061596
29.60000000000015,99.99177777777773,3.470011211307051,3.471884888888888,-1.0,0.3750205555555557,0.9999996263700622,0.4986573999115233
29.700000000000152,99.99174999999994,3.4700107957452326,3.4718844999999994,-1.0,0.3750206250000001,0.9999996445922094,0.49868398517449364
29.800000000000153,99.99172222222217,3.4700103807107263,3.4718841111111103,-1.0,0.3750206944444446,0.999999661925652,0.49871004401398666
29.900000000000155,99.99169444444439,3.4700099661930652,3.4718837222222216,-1.0,0.37502076388888905,0.9999996784137324,0.49873558685388564
30.000000000000156,99.99166666666662,3.47000955218199,3.4718833333333325,-1.0,0.37502083333333347,0.9999996940976796,0.49876062391166714
30.100000000000158,99.99163888888883,3.4700091386674465,3.4718829444444435,-1.0,0.3750209027777779,0.9999997090167118,0.49878516520248806
30.20000000000016,99.99161111111106,3.4700087256395813,3.471882555555555,-1.0,0.37502097222222236,0.9999997232081341,0.4988092205431919
30.30000000000016,99.99158333333328,3.4700083130887354,3.4718821666666657,-1.0,0.37502104166666683,0.9999997367074326,0.49883279955623583
30.400000000000162,99.9915555555555,3.4700079010054443,3.471881777777777,-1.0,0.37502111111111125,0.9999997495483627,0.4988559116735394
30.500000000000163,99.99152777777772,3.4700074893804294,3.471881388888888,-1.0,0.37502118055555567,0.9999997617630332,0.4988785661402575
30.600000000000165,99.99149999999995,3.4700070782045986,3.4718809999999993,-1.0,0.37502125000000014,0.9999997733819871,0.49890077201847916
30.700000000000166,99.99147222222217,3.4700066674690406,3.4718806111111102,-1.0,0.3750213194444446,0.9999997844342781,0.49892253819085164
30.800000000000168,99.99144444444438,3.470006257165021,3.4718802222222216,-1.0,0.37502138888888903,0.9999997949475423,0.4989438733641341
30.90000000000017,99.99141666666661,3.4700058472839785,3.4718798333333325,-1.0,0.37502145833333345,0.9999998049480688,0.4989647860726803
31.00000000000017,99.99138888888884,3.4700054378175236,3.471879444444444,-1.0,0.3750215277777779,0.9999998144608638,0.4989852846818526
31.100000000000172,99.99136111111106,3.4700050287574316,3.4718790555555548,-1.0,0.3750215972222224,0.9999998235097143,0.4990053773913679
31.200000000000173,99.99133333333327,3.470004620095643,3.4718786666666657,-1.0,0.3750216666666668,0.9999998321172472,0.4990250722385779
31.300000000000175,99.9913055555555,3.4700042118242593,3.471878277777777,-1.0,0.3750217361111112,0.9999998403049857,0.4990443771016842
31.400000000000176,99.99127777777773,3.470003803935536,3.471877888888888,-1.0,0.3750218055555557,0.9999998480934034,0.4990632997028894
31.500000000000178,99.99124999999994,3.4700033964218857,3.4718774999999993,-1.0,0.37502187500000017,0.9999998555019753,0.49908184761148616
31.60000000000018,99.99122222222216,3.4700029892758693,3.47187711111111,-1.0,0.3750219444444446,0.999999862549227,0.4991000282468853
31.70000000000018,99.99119444444439,3.470002582490198,3.4718767222222215,-1.0,0.375022013888889,0.9999998692527803,0.4991178488815835
31.800000000000182,99.99116666666662,3.4700021760577253,3.4718763333333325,-1.0,0.3750220833333335,0.9999998756293974,0.4991353166440721
31.900000000000183,99.99113888888883,3.470001769971449,3.471875944444444,-1.0,0.37502215277777795,0.9999998816950233,0.4991524385216891
32.000000000000185,99.99111111111105,3.470001364224504,3.4718755555555547,-1.0,0.37502222222222237,0.9999998874648253,0.49916922136341374
32.100000000000186,99.99108333333328,3.470000958810163,3.4718751666666656,-1.0,0.3750222916666668,0.9999998929532306,0.4991856718826066
32.20000000000019,99.99105555555549,3.470000553721832,3.471874777777777,-1.0,0.37502236111111126,0.9999998981739633,0.4992017966596946
32.30000000000019,99.99102777777772,3.4700001489530474,3.471874388888888,-1.0,0.37502243055555573,0.9999999031400776,0.49921760214480365
32.40000000000019,99.99099999999994,3.469999744497475,3.4718739999999992,-1.0,0.37502250000000015,0.9999999078639917,0.49923309466033855
32.50000000000019,99.99097222222217,3.4699993403489047,3.47187361111111,-1.0,0.37502256944444456,0.9999999123575177,0.49924828040351205
32.60000000000019,99.99094444444438,3.4699989365012516,3.4718732222222215,-1.0,0.37502263888888904,0.999999916631892,0.4992631654488238
32.700000000000195,99.9909166666666,3.4699985329485505,3.4718728333333324,-1.0,0.3750227083333335,0.9999999206978026,0.4992777557504905
32.800000000000196,99.99088888888883,3.4699981296849556,3.4718724444444438,-1.0,0.3750227777777779,0.9999999245654165,0.49929205714482744
32.9000000000002,99.99086111111104,3.4699977267047353,3.4718720555555547,-1.0,0.37502284722222234,0.9999999282444046,0.4993060753525828
33.0000000000002,99.99083333333327,3.469997324002274,3.471871666666666,-1.0,0.3750229166666668,0.9999999317439664,0.4993198159812268
33.1000000000002,99.9908055555555,3.469996921572066,3.471871277777777,-1.0,0.3750229861111113,0.9999999350728523,0.49933328452719417
33.2000000000002,99.99077777777772,3.4699965194087143,3.471870888888888,-1.0,0.3750230555555557,0.9999999382393867,0.49934648637808265
33.3000000000002,99.99074999999993,3.469996117506933,3.471870499999999,-1.0,0.3750231250000001,0.9999999412514875,0.49935942681480877
33.400000000000205,99.99072222222216,3.4699957158615353,3.47187011111111,-1.0,0.3750231944444446,0.9999999441166862,0.4993721110137197
33.500000000000206,99.99069444444439,3.469995314467442,3.4718697222222215,-1.0,0.37502326388888907,0.9999999468421475,0.49938454404866417
33.60000000000021,99.99066666666661,3.4699949133196712,3.4718693333333324,-1.0,0.3750233333333335,0.9999999494346866,0.49939673089302195
33.70000000000021,99.99063888888882,3.4699945124133436,3.4718689444444437,-1.0,0.3750234027777779,0.9999999519007862,0.4994086764216932
33.80000000000021,99.99061111111105,3.4699941117436723,3.4718685555555546,-1.0,0.3750234722222224,0.9999999542466124,0.4994203854130487
33.90000000000021,99.99058333333328,3.4699937113059707,3.471868166666666,-1.0,0.37502354166666685,0.9999999564780314,0.49943186255084115
34.00000000000021,99.99055555555549,3.469993311095639,3.471867777777777,-1.0,0.37502361111111127,0.9999999586006231,0.4994431124260786
34.100000000000215,99.99052777777771,3.4699929111081733,3.471867388888888,-1.0,0.3750236805555557,0.9999999606196945,0.49945413953886125
34.200000000000216,99.99049999999994,3.4699925113391585,3.471866999999999,-1.0,0.37502375000000016,0.9999999625402948,0.4994649483001811
34.30000000000022,99.99047222222217,3.4699921117842645,3.47186661111111,-1.0,0.37502381944444463,0.9999999643672262,0.499475543033687
34.40000000000022,99.99044444444438,3.4699917124392496,3.4718662222222214,-1.0,0.37502388888888905,0.9999999661050571,0.4994859279774136
34.50000000000022,99.9904166666666,3.469991313299955,3.4718658333333323,-1.0,0.37502395833333346,0.999999967758133,0.4994961072854767
34.60000000000022,99.99038888888883,3.4699909143623056,3.4718654444444437,-1.0,0.37502402777777794,0.9999999693305874,0.49950608502973537
34.70000000000022,99.99036111111104,3.469990515622305,3.4718650555555546,-1.0,0.3750240972222224,0.9999999708263524,0.4995158652014202
34.800000000000225,99.99033333333327,3.4699901170760374,3.471864666666666,-1.0,0.3750241666666668,0.999999972249168,0.4995254517127305
34.900000000000226,99.9903055555555,3.4699897187196647,3.471864277777777,-1.0,0.37502423611111124,0.9999999736025921,0.49953484839839846
35.00000000000023,99.99027777777772,3.469989320549425,3.471863888888888,-1.0,0.3750243055555557,0.9999999748900089,0.4995440590172237
35.10000000000023,99.99024999999993,3.4699889225616314,3.471863499999999,-1.0,0.3750243750000002,0.9999999761146375,0.49955308725357656
35.20000000000023,99.99022222222216,3.4699885247526674,3.47186311111111,-1.0,0.3750244444444446,0.9999999772795404,0.4995619367188719
35.30000000000023,99.99019444444438,3.4699881271189916,3.4718627222222214,-1.0,0.375024513888889,0.9999999783876301,0.49957061095301386
35.40000000000023,99.9901666666666,3.4699877296571318,3.4718623333333323,-1.0,0.3750245833333335,0.9999999794416778,0.4995791134258117
35.500000000000234,99.99013888888882,3.4699873323636834,3.4718619444444436,-1.0,0.37502465277777797,0.9999999804443191,0.49958744753836803
35.600000000000236,99.99011111111105,3.46998693523531,3.4718615555555545,-1.0,0.3750247222222224,0.999999981398061,0.4995956166244389
35.70000000000024,99.99008333333327,3.4699865382687425,3.471861166666666,-1.0,0.3750247916666668,0.9999999823052884,0.4996036239517678
35.80000000000024,99.99005555555549,3.4699861414607738,3.471860777777777,-1.0,0.3750248611111113,0.9999999831682695,0.4996114727233923
35.90000000000024,99.99002777777771,3.4699857448082647,3.471860388888888,-1.0,0.37502493055555575,0.9999999839891628,0.49961916607892565
36.00000000000024,99.98999999999994,3.4699853483081333,3.471859999999999,-1.0,0.37502500000000016,0.9999999847700204,0.49962670709581275
36.10000000000024,99.98997222222215,3.469984951957362,3.47185961111111,-1.0,0.3750250694444446,0.9999999855127952,0.4996340987905609
36.200000000000244,99.98994444444438,3.469984555752993,3.4718592222222213,-1.0,0.37502513888888905,0.9999999862193446,0.4996413441199465
36.300000000000246,99.9899166666666,3.4699841596921255,3.4718588333333322,-1.0,0.3750252083333335,0.999999986891435,0.4996484459821979
36.40000000000025,99.98988888888883,3.469983763771917,3.4718584444444436,-1.0,0.37502527777777794,0.9999999875307474,0.4996554072181547
36.50000000000025,99.98986111111104,3.469983367989581,3.4718580555555545,-1.0,0.37502534722222236,0.9999999881388799,0.49966223061240417
36.60000000000025,99.98983333333327,3.4699829723423874,3.471857666666666,-1.0,0.37502541666666683,0.9999999887173535,0.4996689188943949
36.70000000000025,99.98980555555549,3.4699825768276584,3.4718572777777768,-1.0,0.3750254861111113,0.9999999892676146,0.49967547473952895
36.80000000000025,99.9897777777777,3.4699821814427714,3.471856888888888,-1.0,0.3750255555555557,0.9999999897910392,0.4996819007702317
36.900000000000254,99.98974999999993,3.469981786185153,3.471856499999999,-1.0,0.37502562500000014,0.999999990288936,0.4996881995570012
37.000000000000256,99.98972222222216,3.469981391052284,3.4718561111111104,-1.0,0.3750256944444446,0.9999999907625502,0.49969437361943614
37.10000000000026,99.98969444444438,3.469980996041692,3.4718557222222213,-1.0,0.3750257638888891,0.9999999912130659,0.49970042542724374
37.20000000000026,99.9896666666666,3.469980601150956,3.471855333333332,-1.0,0.3750258333333335,0.9999999916416097,0.49970635740122793
37.30000000000026,99.98963888888882,3.469980206377702,3.4718549444444435,-1.0,0.3750259027777779,0.9999999920492532,0.49971217191425726
37.40000000000026,99.98961111111105,3.469979811719603,3.4718545555555544,-1.0,0.3750259722222224,0.9999999924370158,0.49971787129221457
37.50000000000026,99.98958333333327,3.469979417174378,3.471854166666666,-1.0,0.37502604166666687,0.9999999928058667,0.499723457814927
37.600000000000264,99.98955555555548,3.4699790227397918,3.4718537777777767,-1.0,0.3750261111111113,0.9999999931567288,0.4997289337170781
37.700000000000266,99.98952777777771,3.469978628413653,3.471853388888888,-1.0,0.3750261805555557,0.9999999934904792,0.49973430118910184
37.80000000000027,99.98949999999994,3.469978234193813,3.471852999999999,-1.0,0.37502625000000017,0.9999999938079522,0.49973956237805844
37.90000000000027,99.98947222222215,3.4699778400781676,3.4718526111111103,-1.0,0.37502631944444464,0.999999994109942,0.49974471938849374
38.00000000000027,99.98944444444437,3.469977446064652,3.4718522222222212,-1.0,0.37502638888888906,0.9999999943972036,0.49974977428328066
38.10000000000027,99.9894166666666,3.469977052151244,3.471851833333332,-1.0,0.3750264583333335,0.9999999946704551,0.49975472908444457
38.20000000000027,99.98938888888883,3.4699766583359617,3.4718514444444435,-1.0,0.37502652777777795,0.9999999949303799,0.4997595857739719
38.300000000000274,99.98936111111104,3.46997626461686,3.4718510555555544,-1.0,0.3750265972222224,0.9999999951776284,0.4997643462946032
38.400000000000276,99.98933333333326,3.4699758709920356,3.4718506666666658,-1.0,0.37502666666666684,0.9999999954128183,0.49976901255061024
38.50000000000028,99.98930555555549,3.46997547745962,3.4718502777777767,-1.0,0.37502673611111126,0.9999999956365377,0.4997735864085577
38.60000000000028,99.9892777777777,3.469975084017785,3.471849888888888,-1.0,0.37502680555555573,0.9999999958493463,0.4997780696980496
38.70000000000028,99.98924999999993,3.4699746906647344,3.471849499999999,-1.0,0.3750268750000002,0.9999999960517759,0.4997824642124617
38.80000000000028,99.98922222222215,3.4699742973987115,3.4718491111111103,-1.0,0.3750269444444446,0.999999996244333,0.4997867717096582
38.90000000000028,99.98919444444438,3.469973904217992,3.471848722222221,-1.0,0.37502701388888904,0.9999999964274993,0.4997909939126955
39.000000000000284,99.98916666666659,3.469973511120887,3.4718483333333325,-1.0,0.3750270833333335,0.9999999966017322,0.49979513251051105
39.100000000000286,99.98913888888882,3.46997311810574,3.4718479444444434,-1.0,0.375027152777778,0.9999999967674678,0.4997991891585993
39.20000000000029,99.98911111111104,3.4699727251709276,3.4718475555555544,-1.0,0.3750272222222224,0.9999999969251203,0.4998031654796734
39.30000000000029,99.98908333333326,3.4699723323148595,3.4718471666666657,-1.0,0.3750272916666668,0.999999997075084,0.49980706306431494
39.40000000000029,99.98905555555548,3.4699719395359763,3.4718467777777766,-1.0,0.3750273611111113,0.9999999972177338,0.4998108834716096
39.50000000000029,99.98902777777771,3.469971546832749,3.471846388888888,-1.0,0.37502743055555576,0.9999999973534265,0.4998146282297714
39.60000000000029,99.98899999999993,3.4699711542036797,3.471845999999999,-1.0,0.3750275000000002,0.9999999974825015,0.4998182988367534
39.700000000000294,99.98897222222215,3.4699707616472995,3.4718456111111102,-1.0,0.3750275694444446,0.9999999976052812,0.4998218967608473
39.800000000000296,99.98894444444437,3.469970369162169,3.471845222222221,-1.0,0.37502763888888907,0.999999997722073,0.49982542344127096
39.9000000000003,99.9889166666666,3.469969976746877,3.4718448333333325,-1.0,0.37502770833333354,0.9999999978331688,0.4998288802887434
40.0000000000003,99.98888888888882,3.4699695844000407,3.4718444444444434,-1.0,0.37502777777777796,0.9999999979388464,0.49983226868604963
40.1000000000003,99.98886111111104,3.469969192120304,3.4718440555555543,-1.0,0.3750278472222224,0.99999999803937,0.4998355899885938
40.2000000000003,99.98883333333326,3.4699687999063387,3.4718436666666657,-1.0,0.37502791666666685,0.999999998134991,0.49983884552494134
40.3000000000003,99.98880555555549,3.4699684077568422,3.4718432777777766,-1.0,0.3750279861111113,0.9999999982259486,0.49984203659735005
40.400000000000304,99.9887777777777,3.4699680156705375,3.471842888888888,-1.0,0.37502805555555574,0.9999999983124701,0.49984516448229155
40.500000000000306,99.98874999999992,3.469967623646173,3.471842499999999,-1.0,0.37502812500000016,0.9999999983947719,0.49984823043096144
40.60000000000031,99.98872222222215,3.4699672316825225,3.47184211111111,-1.0,0.37502819444444463,0.9999999984730598,0.49985123566978007
40.70000000000031,99.98869444444438,3.4699668397783836,3.471841722222221,-1.0,0.3750282638888891,0.9999999985475295,0.4998541814008831
40.80000000000031,99.98866666666659,3.469966447932578,3.4718413333333324,-1.0,0.3750283333333335,0.9999999986183674,0.4998570688026022
40.90000000000031,99.98863888888881,3.46996605614395,3.4718409444444434,-1.0,0.37502840277777794,0.9999999986857505,0.4998598990299366
41.00000000000031,99.98861111111104,3.4699656644113674,3.4718405555555547,-1.0,0.3750284722222224,0.9999999987498472,0.4998626732150149
41.100000000000314,99.98858333333325,3.4699652727337207,3.4718401666666656,-1.0,0.3750285416666669,0.999999998810818,0.4998653924675481
41.200000000000315,99.98855555555548,3.469964881109921,3.4718397777777765,-1.0,0.3750286111111113,0.9999999988688151,0.49986805787527355
41.30000000000032,99.9885277777777,3.4699644895389037,3.471839388888888,-1.0,0.3750286805555557,0.9999999989239836,0.4998706705043899
41.40000000000032,99.98849999999993,3.4699640980196222,3.471838999999999,-1.0,0.3750287500000002,0.9999999989764615,0.4998732313999836
41.50000000000032,99.98847222222214,3.4699637065510527,3.47183861111111,-1.0,0.37502881944444466,0.9999999990263799,0.499875741586447
41.60000000000032,99.98844444444437,3.46996331513219,3.471838222222221,-1.0,0.3750288888888891,0.9999999990738642,0.4998782020678882
41.70000000000032,99.9884166666666,3.4699629237620515,3.4718378333333324,-1.0,0.3750289583333335,0.9999999991190324,0.49988061382853244
41.800000000000324,99.9883888888888,3.4699625324396703,3.4718374444444433,-1.0,0.37502902777777797,0.9999999991619977,0.49988297783311636
41.900000000000325,99.98836111111103,3.4699621411641024,3.4718370555555547,-1.0,0.37502909722222244,0.9999999992028675,0.49988529502727314
42.00000000000033,99.98833333333326,3.469961749934419,3.4718366666666656,-1.0,0.37502916666666686,0.9999999992417441,0.49988756633791154
42.10000000000033,99.98830555555548,3.4699613587497127,3.4718362777777765,-1.0,0.3750292361111113,0.9999999992787247,0.49988979267358585
42.20000000000033,99.9882777777777,3.4699609676090932,3.471835888888888,-1.0,0.37502930555555575,0.9999999993139017,0.49989197492486015
42.30000000000033,99.98824999999992,3.4699605765116868,3.4718354999999987,-1.0,0.3750293750000002,0.9999999993473632,0.49989411396466404
42.40000000000033,99.98822222222215,3.469960185456638,3.47183511111111,-1.0,0.37502944444444464,0.9999999993791928,0.499896210648642
42.500000000000334,99.98819444444436,3.4699597944431075,3.471834722222221,-1.0,0.37502951388888905,0.9999999994094698,0.4998982658154955
42.600000000000335,99.98816666666659,3.469959403470274,3.4718343333333324,-1.0,0.3750295833333335,0.9999999994382703,0.4999002802873188
42.70000000000034,99.98813888888881,3.46995901253733,3.4718339444444433,-1.0,0.375029652777778,0.9999999994656662,0.49990225486992734
42.80000000000034,99.98811111111104,3.4699586216434875,3.4718335555555546,-1.0,0.3750297222222224,0.999999999491726,0.4999041903531806
42.90000000000034,99.98808333333325,3.469958230787971,3.4718331666666655,-1.0,0.37502979166666683,0.9999999995165149,0.4999060875112976
43.00000000000034,99.98805555555548,3.4699578399700224,3.471832777777777,-1.0,0.3750298611111113,0.9999999995400947,0.499907947103167
43.10000000000034,99.9880277777777,3.469957449188897,3.471832388888888,-1.0,0.3750299305555558,0.9999999995625244,0.49990976987265034
43.200000000000344,99.98799999999991,3.469957058443866,3.4718319999999987,-1.0,0.3750300000000002,0.9999999995838602,0.4999115565488796
43.300000000000345,99.98797222222214,3.469956667734215,3.47183161111111,-1.0,0.3750300694444446,0.9999999996041556,0.4999133078465491
43.40000000000035,99.98794444444437,3.469956277059243,3.471831222222221,-1.0,0.3750301388888891,0.9999999996234612,0.4999150244662013
43.50000000000035,99.98791666666659,3.4699558864182625,3.4718308333333323,-1.0,0.37503020833333356,0.9999999996418252,0.499916707094507
43.60000000000035,99.9878888888888,3.4699554958106016,3.471830444444443,-1.0,0.375030277777778,0.9999999996592934,0.4999183564045399
43.70000000000035,99.98786111111103,3.469955105235601,3.4718300555555546,-1.0,0.3750303472222224,0.9999999996759099,0.499919973056046
43.80000000000035,99.98783333333326,3.4699547146926117,3.4718296666666655,-1.0,0.37503041666666687,0.9999999996917158,0.4999215576957075
43.900000000000354,99.98780555555548,3.4699543241810016,3.471829277777777,-1.0,0.37503048611111134,0.9999999997067511,0.49992311095740133
44.000000000000355,99.9877777777777,3.4699539337001495,3.4718288888888877,-1.0,0.37503055555555576,0.999999999721053,0.49992463346245297
44.10000000000036,99.98774999999992,3.469953543249444,3.4718284999999987,-1.0,0.3750306250000002,0.9999999997346574,0.4999261258198847
44.20000000000036,99.98772222222215,3.4699531528282916,3.47182811111111,-1.0,0.37503069444444465,0.9999999997475982,0.4999275886266594
44.30000000000036,99.98769444444436,3.469952762436104,3.471827722222221,-1.0,0.3750307638888891,0.999999999759908,0.4999290224679192
44.40000000000036,99.98766666666658,3.46995237207231,3.4718273333333323,-1.0,0.37503083333333354,0.9999999997716174,0.49993042791721987
44.50000000000036,99.98763888888881,3.469951981736346,3.471826944444443,-1.0,0.37503090277777795,0.9999999997827558,0.4999318055367598
44.600000000000364,99.98761111111104,3.4699515914276615,3.4718265555555545,-1.0,0.3750309722222224,0.9999999997933511,0.4999331558776051
44.700000000000365,99.98758333333325,3.469951201145715,3.4718261666666654,-1.0,0.3750310416666669,0.9999999998034294,0.49993447947991027
44.80000000000037,99.98755555555547,3.4699508108899795,3.471825777777777,-1.0,0.3750311111111113,0.9999999998130163,0.49993577687313373
44.90000000000037,99.9875277777777,3.469950420659934,3.4718253888888877,-1.0,0.37503118055555573,0.9999999998221358,0.4999370485762501
45.00000000000037,99.98749999999991,3.4699500304550703,3.471824999999999,-1.0,0.3750312500000002,0.9999999998308102,0.49993829509795756
45.10000000000037,99.98747222222214,3.4699496402748897,3.47182461111111,-1.0,0.3750313194444447,0.9999999998390617,0.49993951693688155
45.20000000000037,99.98744444444436,3.469949250118903,3.471824222222221,-1.0,0.3750313888888891,0.9999999998469107,0.4999407145817738
45.300000000000374,99.98741666666659,3.469948859986633,3.471823833333332,-1.0,0.3750314583333335,0.9999999998543769,0.4999418885117083
45.400000000000375,99.9873888888888,3.469948469877608,3.471823444444443,-1.0,0.375031527777778,0.9999999998614791,0.49994303919627264
45.50000000000038,99.98736111111103,3.469948079791368,3.4718230555555545,-1.0,0.37503159722222246,0.9999999998682347,0.49994416709575595
45.60000000000038,99.98733333333325,3.4699476897274626,3.4718226666666654,-1.0,0.3750316666666669,0.999999999874661,0.4999452726613332
45.70000000000038,99.98730555555547,3.4699472996854497,3.4718222777777767,-1.0,0.3750317361111113,0.9999999998807738,0.4999463563352452
45.80000000000038,99.98727777777769,3.4699469096648943,3.4718218888888877,-1.0,0.37503180555555576,0.9999999998865886,0.499947418550976
45.90000000000038,99.98724999999992,3.4699465196653736,3.471821499999999,-1.0,0.37503187500000024,0.9999999998921197,0.49994845973342616
46.000000000000384,99.98722222222214,3.469946129686469,3.47182111111111,-1.0,0.37503194444444465,0.9999999998973812,0.4999494802990825
46.100000000000385,99.98719444444436,3.4699457397277738,3.471820722222221,-1.0,0.37503201388888907,0.9999999999023859,0.49995048065618486
46.20000000000039,99.98716666666658,3.469945349788887,3.471820333333332,-1.0,0.37503208333333354,0.9999999999071466,0.49995146120488937
46.30000000000039,99.98713888888881,3.4699449598694163,3.471819944444443,-1.0,0.375032152777778,0.9999999999116751,0.4999524223374287
46.40000000000039,99.98711111111103,3.469944569968978,3.4718195555555544,-1.0,0.37503222222222243,0.9999999999159825,0.49995336443826865
46.50000000000039,99.98708333333325,3.4699441800871944,3.4718191666666653,-1.0,0.37503229166666685,0.99999999992008,0.49995428788426205
46.60000000000039,99.98705555555547,3.469943790223697,3.4718187777777767,-1.0,0.3750323611111113,0.9999999999239777,0.49995519304479963
46.700000000000394,99.9870277777777,3.4699434003781224,3.4718183888888876,-1.0,0.3750324305555558,0.9999999999276855,0.4999560802819577
46.800000000000395,99.98699999999991,3.469943010550117,3.471817999999999,-1.0,0.3750325000000002,0.9999999999312121,0.49995694995064294
46.9000000000004,99.98697222222214,3.469942620739332,3.47181761111111,-1.0,0.37503256944444463,0.9999999999345671,0.49995780239873444
47.0000000000004,99.98694444444436,3.4699422309454273,3.471817222222221,-1.0,0.3750326388888891,0.9999999999377583,0.4999586379672228
47.1000000000004,99.98691666666659,3.4699418411680676,3.471816833333332,-1.0,0.3750327083333336,0.9999999999407939,0.4999594569903465
47.2000000000004,99.9868888888888,3.469941451406926,3.471816444444443,-1.0,0.375032777777778,0.9999999999436814,0.4999602597957258
47.3000000000004,99.98686111111103,3.469941061661681,3.4718160555555544,-1.0,0.3750328472222224,0.9999999999464281,0.4999610467044935
47.400000000000404,99.98683333333325,3.4699406719320183,3.4718156666666653,-1.0,0.3750329166666669,0.9999999999490408,0.4999618180314237
47.500000000000405,99.98680555555546,3.469940282217629,3.4718152777777767,-1.0,0.37503298611111135,0.9999999999515262,0.49996257408505723
47.600000000000406,99.98677777777769,3.4699398925182106,3.4718148888888876,-1.0,0.37503305555555577,0.9999999999538902,0.49996331516782583
47.70000000000041,99.98674999999992,3.4699395028334665,3.471814499999999,-1.0,0.3750331250000002,0.9999999999561391,0.4999640415761724
47.80000000000041,99.98672222222214,3.4699391131631065,3.47181411111111,-1.0,0.37503319444444466,0.9999999999582782,0.49996475360067005
47.90000000000041,99.98669444444435,3.4699387235068455,3.471813722222221,-1.0,0.37503326388888913,0.999999999960313,0.49996545152613797
48.00000000000041,99.98666666666658,3.4699383338644045,3.471813333333332,-1.0,0.37503333333333355,0.9999999999622485,0.49996613563175574
48.10000000000041,99.9866388888888,3.46993794423551,3.471812944444443,-1.0,0.37503340277777797,0.9999999999640897,0.4999668061911746
48.200000000000415,99.98661111111102,3.469937554619894,3.4718125555555543,-1.0,0.37503347222222244,0.9999999999658411,0.4999674634726274
48.300000000000416,99.98658333333324,3.469937165017292,3.4718121666666653,-1.0,0.3750335416666669,0.9999999999675071,0.4999681077390354
48.40000000000042,99.98655555555547,3.469936775427448,3.4718117777777766,-1.0,0.37503361111111133,0.9999999999690918,0.49996873924811375
48.50000000000042,99.9865277777777,3.469936385850109,3.4718113888888875,-1.0,0.37503368055555575,0.9999999999705991,0.4999693582524745
48.60000000000042,99.98649999999991,3.469935996285027,3.471810999999999,-1.0,0.3750337500000002,0.9999999999720328,0.49996996499972773
48.70000000000042,99.98647222222213,3.4699356067319593,3.47181061111111,-1.0,0.3750338194444447,0.9999999999733967,0.49997055973258037
48.80000000000042,99.98644444444436,3.4699352171906686,3.471810222222221,-1.0,0.3750338888888891,0.9999999999746944,0.49997114268893345
48.900000000000425,99.98641666666657,3.4699348276609205,3.471809833333332,-1.0,0.37503395833333353,0.9999999999759286,0.4999717141019774
49.000000000000426,99.9863888888888,3.469934438142488,3.4718094444444434,-1.0,0.375034027777778,0.9999999999771025,0.499972274200285
49.10000000000043,99.98636111111102,3.469934048635146,3.4718090555555543,-1.0,0.3750340972222225,0.9999999999782193,0.499972823207903
49.20000000000043,99.98633333333325,3.4699336591386745,3.471808666666665,-1.0,0.3750341666666669,0.9999999999792816,0.4999733613444418
49.30000000000043,99.98630555555546,3.4699332696528598,3.4718082777777766,-1.0,0.3750342361111113,0.9999999999802921,0.49997388882516325
49.40000000000043,99.98627777777769,3.4699328801774896,3.4718078888888875,-1.0,0.3750343055555558,0.9999999999812533,0.49997440586106656
49.50000000000043,99.98624999999991,3.4699324907123574,3.471807499999999,-1.0,0.37503437500000025,0.9999999999821675,0.49997491265897304
49.600000000000435,99.98622222222212,3.4699321012572604,3.4718071111111097,-1.0,0.37503444444444467,0.9999999999830372,0.4999754094216086
49.700000000000436,99.98619444444435,3.4699317118120003,3.471806722222221,-1.0,0.3750345138888891,0.9999999999838645,0.4999758963476849
49.80000000000044,99.98616666666658,3.4699313223763815,3.471806333333332,-1.0,0.37503458333333356,0.9999999999846514,0.49997637363197894
49.90000000000044,99.9861388888888,3.4699309329502146,3.4718059444444433,-1.0,0.37503465277777803,0.9999999999853999,0.49997684146541077
50.00000000000044,99.98611111111101,3.469930543533311,3.4718055555555543,-1.0,0.37503472222222245,0.999999999986112,0.49997730003511986
50.10000000000044,99.98608333333324,3.469930154125487,3.471805166666665,-1.0,0.37503479166666687,0.9999999999867892,0.4999777495245404
50.20000000000044,99.98605555555547,3.469929764726565,3.4718047777777765,-1.0,0.37503486111111134,0.9999999999874337,0.4999781901134741
50.300000000000445,99.9860277777777,3.469929375336366,3.4718043888888874,-1.0,0.3750349305555558,0.9999999999880465,0.49997862197816234
50.400000000000446,99.9859999999999,3.469928985954719,3.471803999999999,-1.0,0.37503500000000023,0.9999999999886293,0.49997904529135684
50.50000000000045,99.98597222222213,3.469928596581454,3.4718036111111097,-1.0,0.37503506944444465,0.999999999989184,0.4999794602223884
50.60000000000045,99.98594444444436,3.4699282072164053,3.471803222222221,-1.0,0.3750351388888891,0.9999999999897113,0.4999798669372351
50.70000000000045,99.98591666666657,3.46992781785941,3.471802833333332,-1.0,0.3750352083333336,0.9999999999902132,0.49998026559858827
50.80000000000045,99.9858888888888,3.469927428510309,3.4718024444444433,-1.0,0.375035277777778,0.9999999999906904,0.4999806563659178
50.90000000000045,99.98586111111102,3.4699270391689456,3.471802055555554,-1.0,0.3750353472222224,0.9999999999911445,0.4999810393955357
51.000000000000455,99.98583333333325,3.469926649835167,3.4718016666666656,-1.0,0.3750354166666669,0.9999999999915762,0.49998141484065906
51.100000000000456,99.98580555555546,3.469926260508822,3.4718012777777765,-1.0,0.37503548611111137,0.9999999999919869,0.4999817828514709
51.20000000000046,99.98577777777768,3.4699258711897643,3.4718008888888874,-1.0,0.3750355555555558,0.9999999999923777,0.49998214357518034
51.30000000000046,99.98574999999991,3.46992548187785,3.4718004999999987,-1.0,0.3750356250000002,0.9999999999927494,0.4999824971560818
51.40000000000046,99.98572222222212,3.4699250925729364,3.4718001111111096,-1.0,0.3750356944444447,0.999999999993103,0.49998284373561225
51.50000000000046,99.98569444444435,3.4699247032748866,3.471799722222221,-1.0,0.37503576388888915,0.9999999999934392,0.4999831834524083
51.60000000000046,99.98566666666657,3.4699243139835625,3.471799333333332,-1.0,0.37503583333333357,0.9999999999937593,0.49998351644236105
51.700000000000465,99.9856388888888,3.4699239246988327,3.4717989444444433,-1.0,0.375035902777778,0.9999999999940637,0.499983842838671
51.800000000000466,99.98561111111101,3.4699235354205658,3.471798555555554,-1.0,0.37503597222222246,0.9999999999943533,0.49998416277190094
51.90000000000047,99.98558333333324,3.469923146148634,3.4717981666666655,-1.0,0.37503604166666693,0.9999999999946286,0.49998447637002846
52.00000000000047,99.98555555555546,3.469922756882912,3.4717977777777764,-1.0,0.37503611111111135,0.9999999999948906,0.499984783758497
52.10000000000047,99.98552777777768,3.4699223676232767,3.4717973888888873,-1.0,0.37503618055555576,0.9999999999951398,0.499985085060266
52.20000000000047,99.9854999999999,3.469921978369608,3.4717969999999987,-1.0,0.37503625000000024,0.9999999999953768,0.4999853803958603
52.30000000000047,99.98547222222213,3.4699215891217863,3.4717966111111096,-1.0,0.3750363194444447,0.9999999999956023,0.499985669883418
52.400000000000475,99.98544444444435,3.469921199879697,3.471796222222221,-1.0,0.3750363888888891,0.9999999999958167,0.49998595363873805
52.500000000000476,99.98541666666657,3.4699208106432273,3.471795833333332,-1.0,0.37503645833333354,0.9999999999960207,0.49998623177532625
52.60000000000048,99.98538888888879,3.4699204214122648,3.471795444444443,-1.0,0.375036527777778,0.9999999999962148,0.4999865044044411
52.70000000000048,99.98536111111102,3.4699200321867005,3.471795055555554,-1.0,0.3750365972222225,0.9999999999963995,0.4999867716351376
52.80000000000048,99.98533333333324,3.4699196429664276,3.4717946666666655,-1.0,0.3750366666666669,0.9999999999965753,0.49998703357431185
52.90000000000048,99.98530555555546,3.4699192537513417,3.4717942777777764,-1.0,0.3750367361111113,0.9999999999967422,0.49998729032674305
53.00000000000048,99.98527777777768,3.46991886454134,3.4717938888888877,-1.0,0.3750368055555558,0.9999999999969009,0.49998754199513545
53.100000000000485,99.98524999999991,3.4699184753363213,3.4717934999999986,-1.0,0.37503687500000027,0.999999999997052,0.4999877886801597
53.200000000000486,99.98522222222212,3.4699180861361874,3.4717931111111096,-1.0,0.3750369444444447,0.9999999999971958,0.4999880304804933
53.30000000000049,99.98519444444435,3.469917696940842,3.471792722222221,-1.0,0.3750370138888891,0.9999999999973325,0.4999882674928594
53.40000000000049,99.98516666666657,3.4699173077501886,3.471792333333332,-1.0,0.3750370833333336,0.9999999999974626,0.4999884998120662
53.50000000000049,99.9851388888888,3.4699169185641368,3.471791944444443,-1.0,0.37503715277777805,0.9999999999975862,0.49998872753104456
53.60000000000049,99.98511111111101,3.4699165293825933,3.471791555555554,-1.0,0.37503722222222247,0.999999999997704,0.49998895074088506
53.70000000000049,99.98508333333324,3.4699161402054703,3.4717911666666654,-1.0,0.3750372916666669,0.999999999997816,0.4999891695308745
53.800000000000495,99.98505555555546,3.4699157510326786,3.4717907777777763,-1.0,0.37503736111111136,0.9999999999979224,0.4999893839885319
53.900000000000496,99.98502777777767,3.4699153618641345,3.4717903888888877,-1.0,0.37503743055555583,0.9999999999980237,0.49998959419964323
54.0000000000005,99.9849999999999,3.469914972699752,3.4717899999999986,-1.0,0.37503750000000025,0.9999999999981201,0.49998980024829565
54.1000000000005,99.98497222222213,3.46991458353945,3.4717896111111095,-1.0,0.37503756944444466,0.9999999999982118,0.4999900022169113
54.2000000000005,99.98494444444435,3.4699141943831475,3.471789222222221,-1.0,0.37503763888888914,0.9999999999982989,0.4999902001862805
54.3000000000005,99.98491666666656,3.4699138052307643,3.4717888333333318,-1.0,0.3750377083333336,0.999999999998382,0.49999039423559344
54.4000000000005,99.98488888888879,3.4699134160822243,3.471788444444443,-1.0,0.375037777777778,0.9999999999984609,0.4999905844424727
54.500000000000504,99.98486111111102,3.46991302693745,3.471788055555554,-1.0,0.37503784722222244,0.999999999998536,0.4999907708830033
54.600000000000506,99.98483333333323,3.4699126377963685,3.4717876666666654,-1.0,0.3750379166666669,0.9999999999986074,0.4999909536317641
54.70000000000051,99.98480555555545,3.469912248658905,3.4717872777777763,-1.0,0.3750379861111114,0.9999999999986754,0.4999911327618569
54.80000000000051,99.98477777777768,3.4699118595249887,3.4717868888888876,-1.0,0.3750380555555558,0.99999999999874,0.49999130834493627
54.90000000000051,99.9847499999999,3.4699114703945484,3.4717864999999986,-1.0,0.3750381250000002,0.9999999999988013,0.4999914804512377
55.00000000000051,99.98472222222212,3.469911081267517,3.47178611111111,-1.0,0.3750381944444447,0.9999999999988599,0.49999164914960603
55.10000000000051,99.98469444444434,3.4699106921438254,3.471785722222221,-1.0,0.37503826388888917,0.9999999999989154,0.49999181450752284
55.200000000000514,99.98466666666657,3.469910303023408,3.4717853333333317,-1.0,0.3750383333333336,0.9999999999989683,0.4999919765911336
55.300000000000516,99.98463888888878,3.469909913906201,3.471784944444443,-1.0,0.375038402777778,0.9999999999990186,0.49999213546527377
55.40000000000052,99.98461111111101,3.469909524792139,3.471784555555554,-1.0,0.3750384722222225,0.9999999999990663,0.4999922911934952
55.50000000000052,99.98458333333323,3.4699091356811613,3.4717841666666653,-1.0,0.37503854166666695,0.9999999999991118,0.49999244383809127
55.60000000000052,99.98455555555546,3.469908746573206,3.4717837777777762,-1.0,0.37503861111111136,0.9999999999991552,0.49999259346012176
55.70000000000052,99.98452777777767,3.4699083574682135,3.4717833888888876,-1.0,0.3750386805555558,0.9999999999991964,0.4999927401194375
55.80000000000052,99.9844999999999,3.4699079683661243,3.4717829999999985,-1.0,0.37503875000000025,0.9999999999992354,0.4999928838747043
55.900000000000524,99.98447222222212,3.4699075792668825,3.47178261111111,-1.0,0.3750388194444447,0.9999999999992727,0.49999302478342605
56.000000000000526,99.98444444444434,3.46990719017043,3.4717822222222208,-1.0,0.37503888888888914,0.9999999999993083,0.49999316290196816
56.10000000000053,99.98441666666656,3.4699068010767133,3.4717818333333317,-1.0,0.37503895833333356,0.9999999999993421,0.4999932982855799
56.20000000000053,99.98438888888879,3.469906411985677,3.471781444444443,-1.0,0.37503902777777803,0.9999999999993742,0.49999343098841664
56.30000000000053,99.98436111111101,3.4699060228972685,3.471781055555554,-1.0,0.3750390972222225,0.9999999999994048,0.4999935610635611
56.40000000000053,99.98433333333323,3.469905633811436,3.4717806666666653,-1.0,0.3750391666666669,0.9999999999994339,0.49999368856304505
56.50000000000053,99.98430555555545,3.469905244728128,3.471780277777776,-1.0,0.37503923611111134,0.9999999999994614,0.4999938135378701
56.600000000000534,99.98427777777768,3.4699048556472945,3.4717798888888876,-1.0,0.3750393055555558,0.9999999999994876,0.49999393603802783
56.700000000000536,99.9842499999999,3.4699044665688863,3.4717794999999985,-1.0,0.3750393750000003,0.9999999999995126,0.4999940561125199
56.80000000000054,99.98422222222212,3.4699040774928562,3.47177911111111,-1.0,0.3750394444444447,0.9999999999995364,0.4999941738093777
56.90000000000054,99.98419444444434,3.4699036884191568,3.4717787222222207,-1.0,0.3750395138888891,0.999999999999559,0.49999428917568156
57.00000000000054,99.98416666666657,3.4699032993477417,3.471778333333332,-1.0,0.3750395833333336,0.9999999999995804,0.4999944022575796
57.10000000000054,99.98413888888878,3.4699029102785652,3.471777944444443,-1.0,0.37503965277777807,0.999999999999601,0.49999451310030596
57.20000000000054,99.984111111111,3.469902521211584,3.471777555555554,-1.0,0.3750397222222225,0.9999999999996205,0.49999462174819936
57.300000000000544,99.98408333333323,3.4699021321467542,3.4717771666666652,-1.0,0.3750397916666669,0.9999999999996392,0.4999947282447203
57.400000000000546,99.98405555555546,3.469901743084033,3.471776777777776,-1.0,0.3750398611111114,0.9999999999996567,0.49999483263246886
57.50000000000055,99.98402777777767,3.4699013540233787,3.4717763888888875,-1.0,0.37503993055555584,0.9999999999996735,0.49999493495320146
57.60000000000055,99.9839999999999,3.4699009649647503,3.4717759999999984,-1.0,0.37504000000000026,0.9999999999996895,0.4999950352478479
57.70000000000055,99.98397222222212,3.4699005759081087,3.4717756111111098,-1.0,0.3750400694444447,0.9999999999997047,0.4999951335565272
57.80000000000055,99.98394444444433,3.4699001868534136,3.4717752222222207,-1.0,0.37504013888888915,0.999999999999719,0.49999522991856427
57.90000000000055,99.98391666666656,3.4698997978006263,3.471774833333332,-1.0,0.3750402083333336,0.9999999999997327,0.49999532437250516
58.000000000000554,99.98388888888879,3.4698994087497095,3.471774444444443,-1.0,0.37504027777777804,0.9999999999997456,0.49999541695613264
58.100000000000556,99.98386111111101,3.4698990197006254,3.471774055555554,-1.0,0.37504034722222246,0.999999999999758,0.4999955077064815
58.20000000000056,99.98383333333322,3.469898630653339,3.471773666666665,-1.0,0.37504041666666693,0.9999999999997697,0.49999559665985305
58.30000000000056,99.98380555555545,3.4698982416078135,3.471773277777776,-1.0,0.3750404861111114,0.9999999999997811,0.4999956838518299
58.40000000000056,99.98377777777768,3.469897852564015,3.4717728888888875,-1.0,0.3750405555555558,0.9999999999997918,0.49999576931728995
58.50000000000056,99.98374999999989,3.4698974635219084,3.4717724999999984,-1.0,0.37504062500000024,0.999999999999802,0.4999958530904204
58.60000000000056,99.98372222222211,3.469897074481461,3.4717721111111097,-1.0,0.3750406944444447,0.9999999999998118,0.49999593520473173
58.700000000000564,99.98369444444434,3.469896685442639,3.4717717222222206,-1.0,0.3750407638888892,0.9999999999998209,0.49999601569307084
58.800000000000566,99.98366666666656,3.469896296405411,3.471771333333332,-1.0,0.3750408333333336,0.9999999999998296,0.499996094587634
58.90000000000057,99.98363888888878,3.4698959073697453,3.471770944444443,-1.0,0.375040902777778,0.9999999999998378,0.49999617191998014
59.00000000000057,99.983611111111,3.469895518335611,3.4717705555555542,-1.0,0.3750409722222225,0.9999999999998457,0.4999962477210433
59.10000000000057,99.98358333333323,3.4698951293029774,3.471770166666665,-1.0,0.37504104166666696,0.999999999999853,0.49999632202114475
59.20000000000057,99.98355555555545,3.469894740271815,3.471769777777776,-1.0,0.3750411111111114,0.9999999999998601,0.49999639485000563
59.30000000000057,99.98352777777767,3.4698943512420954,3.4717693888888874,-1.0,0.3750411805555558,0.9999999999998669,0.4999964662367585
59.400000000000574,99.98349999999989,3.4698939622137885,3.4717689999999983,-1.0,0.37504125000000027,0.9999999999998734,0.4999965362099589
59.500000000000576,99.98347222222212,3.469893573186868,3.4717686111111097,-1.0,0.37504131944444474,0.9999999999998794,0.49999660479759706
59.60000000000058,99.98344444444433,3.4698931841613048,3.4717682222222206,-1.0,0.37504138888888916,0.9999999999998853,0.499996672027109
59.70000000000058,99.98341666666656,3.4698927951370733,3.471767833333332,-1.0,0.3750414583333336,0.999999999999891,0.4999967379253875
59.80000000000058,99.98338888888878,3.4698924061141465,3.471767444444443,-1.0,0.37504152777777805,0.9999999999998964,0.4999968025187927
59.90000000000058,99.98336111111101,3.469892017092499,3.471767055555554,-1.0,0.3750415972222225,0.9999999999999015,0.4999968658331627
60.00000000000058,99.98333333333322,3.4698916280721046,3.471766666666665,-1.0,0.37504166666666694,0.9999999999999063,0.4999969278938242
